<?xml version="1.0" encoding="UTF-8"?>
<api context="/healthcare" name="HealthcareAPI" xmlns="http://ws.apache.org/ns/synapse">
    <resource methods="GET" uri-template="/querydoctor/{category}">
        <inSequence>
            <log level="custom">
                <property name="message" value="&quot;Welcome to Healthcare Service&quot;"/>
            </log>
            <send>
                <endpoint key="QueryDoctorEP"/>
            </send>
        </inSequence>
        <outSequence>
            <send/>
        </outSequence>
        <faultSequence/>
    </resource>
    <resource methods="POST" uri-template="/categories/{category}/reserve">
        <inSequence>
            <property description="Get Hospital" expression="json-eval($.hospital)" name="Hospital" scope="default" type="STRING"/>
            <property description="Get Card Number" expression="json-eval($.cardNo)" name="card_number" scope="default" type="STRING"/>
            <datamapper config="gov:datamapper/RequestMapping.dmc" inputSchema="gov:datamapper/RequestMapping_inputSchema.json" inputType="JSON" outputSchema="gov:datamapper/RequestMapping_outputSchema.json" outputType="JSON"/>
            <switch source="get-property('Hospital')">
                <case regex="grand oak community hospital">
                    <log description="Grand Oak Log" level="custom">
                        <property expression="fn:concat('Routing to ', get-property('Hospital'))" name="message"/>
                    </log>
                    <property description="Set Hospital Variable" name="uri.var.hospital" scope="default" type="STRING" value="grandoaks"/>
                    <call>
                        <endpoint key="GrandOakEP"/>
                    </call>
                </case>
                <case regex="clemency medical center">
                    <log description="Clemency Log" level="custom">
                        <property expression="fn:concat('Routing to ', get-property('Hospital'))" name="message"/>
                    </log>
                    <property description="Set Hospital Variable" name="uri.var.hospital" scope="default" type="STRING" value="clemency"/>
                    <call>
                        <endpoint key="ClemencyEP"/>
                    </call>
                </case>
                <case regex="pine valley community hospital">
                    <log description="Pine Valley Log" level="custom">
                        <property expression="fn:concat('Routing to ', get-property('Hospital'))" name="message"/>
                    </log>
                    <property description="Set Hospital Variable" name="uri.var.hospital" scope="default" type="STRING" value="pinevalley"/>
                    <call>
                        <endpoint key="PineValleyEP"/>
                    </call>
                </case>
                <default>
                    <log description="Fault Log" level="custom">
                        <property expression="fn:concat('Invalid hospital - ', get-property('Hospital'))" name="message"/>
                    </log>
                    <respond/>
                </default>
            </switch>
            <property description="Get Appointment Number" expression="json-eval($.appointmentNumber)" name="uri.var.appointment_id" scope="default" type="STRING"/>
            <property description="Get Doctor Details" expression="json-eval($.doctor)" name="doctor_details" scope="default" type="STRING"/>
            <property description="Get PatientDetails" expression="json-eval($.patient)" name="patient_details" scope="default" type="STRING"/>
            <call>
                <endpoint key="ChannelingFeeEP"/>
            </call>
            <property description="Get Actual Fee" expression="json-eval($.actualFee)" name="actual_fee" scope="default" type="STRING"/>
            <payloadFactory description="" media-type="json">
                <format>{
	"appointmentNumber":$1,
	"doctor":$2,
	"patient":$3,
	"fee":$4,
	"confirmed":"false",
	"card_number":"$5"
}</format>
                <args>
                    <arg evaluator="xml" expression="$ctx:uri.var.appointment_id"/>
                    <arg evaluator="xml" expression="$ctx:doctor_details"/>
                    <arg evaluator="xml" expression="$ctx:patient_details"/>
                    <arg evaluator="xml" expression="$ctx:actual_fee"/>
                    <arg evaluator="xml" expression="$ctx:card_number"/>
                </args>
            </payloadFactory>
            <call>
                <endpoint key="SettlePaymentEP"/>
            </call>
            <respond/>
        </inSequence>
        <outSequence>
            <send/>
        </outSequence>
        <faultSequence/>
    </resource>
</api>
